User_Name,Email,First_Name,Last_Name,Token
Pepe,rnelson@msn.com,Reggie Tupp,M,0
Scooter,breegster@outlook.com,Zachary Heilyn,M,2
Zera,crobles@att.net,Austin Finnagan,F,3
Oddball,maneesh@comcast.net,Howie Cadell,M,1
Chyna,lbaxter@sbcglobal.net,Sandie Gobnet,F,13
Rio,mailarc@me.com,Philip Ransu,M,5
Nadalee,slaff@aol.com,Krystle Valerija,F,7
Scout,wenzlaff@sbcglobal.net,Nicolette Bardeau,M,5
Wesley,joglo@aol.com,Nathan Cayden,M,8
Pax,comdig@me.com,Sarah Greer,M,8
Sami,irving@mac.com,Maggie Rickland,M,1
Casper,hermanab@me.com,Dalania Devitto,M,3
Tibbs,yruan@icloud.com,Shad Cayden,M,10
Stich,paley@comcast.net,Dennis Nicholback,M,4
Fluffy,morain@yahoo.ca,Tracy Westbay,F,3
Squiggles,roamer@outlook.com,Madisyn Roope,F,5
Lucky,godeke@comcast.net,Lisa Choy-Wu,M,1
Bailey,sokol@outlook.com,Leslie Richardson,F,3
Kiko,aegreene@att.net,Kathlyn Zlata,F,8
Shadow,ijackson@sbcglobal.net,Audry Topsy,F,5
Felix,jshearer@aol.com,Francine Benet,M,6
Cosmo,gordonjcp@me.com,Jennifer Dawson,M,8
Chip,schumer@att.net,Jason Hemlock,M,5
Nugget,gordonjcp@yahoo.com,Darla Branson,M,6
